content_id,title,genre,release_year,duration_min
C0001,Secret Descent,Adventure,2020,82
C0002,Eternal Journey,Crime,2018,133
C0003,Lost Storm,Action,2020,123
C0004,Sacred Escape,Horror,2015,104
C0005,Burning Tide,Drama,2015,133
C0006,Wild Destiny,Sci-Fi,2016,45
C0007,Radiant Reckoning,Drama,2021,79
C0008,Vanishing Passage,Action,2015,137
C0009,Unspoken Horizon,Action,2016,98
C0010,Silent Signal,Documentary,2017,101
C0011,Rising Signal,Adventure,2021,163
C0012,Rising Destiny,Crime,2023,135
C0013,Endless Shadow,Sci-Fi,2021,147
C0014,Crimson Journey,Horror,2018,129
C0015,Distant Requiem,Crime,2018,112
C0016,Eternal Reckoning,Thriller,2022,160
C0017,Bitter Requiem,Fantasy,2018,117
C0018,Silent Night,Comedy,2016,116
C0019,Rising Storm,Drama,2016,111
C0020,Stolen Descent,Comedy,2015,107
C0021,Quiet Horizon,Horror,2021,110
C0022,Lost Empire,Sci-Fi,2024,103
C0023,Quiet Signal,Comedy,2018,87
C0024,Reckless Dream,Sci-Fi,2018,121
C0025,Fading Descent,Comedy,2015,139
C0026,Vanishing Signal,Fantasy,2024,111
C0027,Restless Mirage,Comedy,2021,120
C0028,Sacred Truth,Action,2022,142
C0029,Restless Tide,Thriller,2025,100
C0030,Broken Harbor,Adventure,2015,92
C0031,Silent Requiem,Romance,2019,91
C0032,Broken Truth,Thriller,2019,117
C0033,Secret Shadow,Documentary,2025,95
C0034,Vanishing Ashes,Adventure,2024,119
C0035,Wild Storm,Documentary,2020,54
C0036,Rising Flame,Thriller,2019,106
C0037,Last Horizon,Thriller,2023,121
C0038,Stolen Passage,Romance,2016,98
C0039,Silent Passage,Fantasy,2023,100
C0040,Final Horizon,Romance,2023,99
C0041,Unspoken Empire,Adventure,2019,162
C0042,Vanishing Destiny,Horror,2019,120
C0043,Restless Promise,Horror,2021,88
C0044,Stolen Requiem,Horror,2025,95
C0045,Lost Hunter,Documentary,2019,118
C0046,Broken Ashes,Documentary,2016,122
C0047,Quiet Ashes,Drama,2025,80
C0048,Last Signal,Action,2023,112
C0049,Last Kingdom,Action,2017,69
C0050,Stolen Truth,Drama,2020,108
C0051,Secret Night,Drama,2020,131
C0052,Burning Shadow,Thriller,2020,51
C0053,Unspoken Ashes,Sci-Fi,2018,106
C0054,Bitter Rebellion,Crime,2024,138
C0055,Eternal Truth,Documentary,2025,77
C0056,Broken Mirage,Adventure,2018,97
C0057,Fading Bloom,Crime,2024,85
C0058,Stolen Kingdom,Action,2016,111
C0059,Secret Flame,Sci-Fi,2024,89
C0060,Dark Escape,Crime,2018,63
C0061,Restless Verdict,Sci-Fi,2023,105
C0062,Solitary Dream,Horror,2025,171
C0063,Sacred Night,Thriller,2016,112
C0064,Last Bloom,Horror,2016,121
C0065,Stolen Promise,Comedy,2017,139
C0066,Endless Echo,Horror,2024,81
C0067,Endless Bloom,Thriller,2017,53
C0068,Reckless Requiem,Drama,2025,113
C0069,Sacred Whisper,Documentary,2020,166
C0070,Endless Dream,Romance,2020,103
C0071,Secret Dream,Documentary,2016,123
C0072,Distant Bloom,Fantasy,2025,119
C0073,Sacred Tide,Adventure,2017,107
C0074,Hidden Dream,Romance,2016,116
C0075,Rising Hunter,Adventure,2021,146
C0076,Rising Tide,Action,2020,120
C0077,Quiet Truth,Sci-Fi,2024,45
C0078,Solitary Storm,Fantasy,2016,124
C0079,Golden Ashes,Horror,2015,151
C0080,Crimson Truth,Thriller,2021,109
C0081,Wild Journey,Fantasy,2017,113
C0082,Crimson Horizon,Documentary,2022,108
C0083,Rising Horizon,Documentary,2018,87
C0084,Golden Legacy,Crime,2016,101
C0085,Radiant Whisper,Action,2019,128
C0086,Crimson Shadow,Romance,2022,143
C0087,Vanishing Horizon,Thriller,2021,123
C0088,Vanishing Shadow,Action,2018,116
C0089,Reckless Storm,Adventure,2024,128
C0090,Dark Mirage,Documentary,2024,100
C0091,Forgotten Horizon,Sci-Fi,2018,154
C0092,Radiant Ashes,Crime,2023,106
C0093,Golden Escape,Sci-Fi,2022,113
C0094,Stolen Echo,Documentary,2019,108
C0095,Secret Tide,Thriller,2019,129
C0096,Dark Flame,Fantasy,2016,130
C0097,Stolen Horizon,Crime,2022,121
C0098,Unspoken Bloom,Crime,2017,94
C0099,Broken Verdict,Crime,2017,79
C0100,Wild Tide,Fantasy,2018,99
C0101,Bitter Descent,Documentary,2022,119
C0102,Last Ashes,Adventure,2020,46
C0103,Crimson Empire,Horror,2021,111
C0104,Hidden Ashes,Drama,2018,145
C0105,Restless Night,Romance,2022,124
C0106,Stolen Destiny,Thriller,2024,139
C0107,Rising Truth,Sci-Fi,2025,130
C0108,Stolen Flame,Fantasy,2020,130
C0109,Reckless Signal,Crime,2018,84
C0110,Golden Reckoning,Adventure,2025,81
C0111,Wild Horizon,Drama,2023,103
C0112,Endless Hunter,Sci-Fi,2020,68
C0113,Dark Legacy,Horror,2022,122
C0114,Reckless Journey,Action,2021,105
C0115,Final Promise,Thriller,2023,143
C0116,Wild Signal,Romance,2015,77
C0117,Stolen Journey,Sci-Fi,2024,107
C0118,Secret Destiny,Horror,2016,103
C0119,Golden Mirage,Documentary,2017,116
C0120,Forgotten Bloom,Romance,2021,92
C0121,Lost Journey,Horror,2015,105
C0122,Unspoken Dream,Comedy,2017,113
C0123,Reckless Shadow,Romance,2016,63
C0124,Broken Storm,Sci-Fi,2019,92
C0125,Burning Dream,Documentary,2022,115
C0126,Hidden Requiem,Drama,2025,107
C0127,Reckless Passage,Thriller,2023,139
C0128,Lost Shadow,Documentary,2020,128
C0129,Final Escape,Romance,2022,77
C0130,Frozen Whisper,Thriller,2024,86
C0131,Restless Truth,Romance,2018,154
C0132,Restless Empire,Sci-Fi,2020,102
C0133,Hidden Signal,Horror,2024,144
C0134,Reckless Descent,Documentary,2020,80
C0135,Vanishing Truth,Comedy,2015,87
C0136,Vanishing Reckoning,Sci-Fi,2015,101
C0137,Fading Promise,Documentary,2016,102
C0138,Restless Ashes,Comedy,2024,102
C0139,Unspoken Journey,Drama,2016,105
C0140,Secret Hunter,Horror,2017,111
C0141,Sacred Empire,Action,2023,161
C0142,Forgotten Dream,Romance,2017,93
C0143,Broken Hunter,Adventure,2016,124
C0144,Golden Echo,Sci-Fi,2016,140
C0145,Radiant Horizon,Thriller,2025,118
C0146,Eternal Verdict,Sci-Fi,2019,113
C0147,Restless Kingdom,Adventure,2025,45
C0148,Lost Passage,Horror,2017,99
C0149,Stolen Bloom,Comedy,2023,80
C0150,Burning Truth,Romance,2024,164
C0151,Burning Night,Action,2015,75
C0152,Radiant Shadow,Horror,2017,80
C0153,Rising Mirage,Sci-Fi,2024,87
C0154,Hidden Promise,Crime,2017,122
C0155,Stolen Whisper,Romance,2021,85
C0156,Quiet Flame,Documentary,2015,68
C0157,Unspoken Kingdom,Crime,2022,128
C0158,Crimson Bloom,Sci-Fi,2020,140
C0159,Endless Journey,Action,2015,168
C0160,Rising Harbor,Action,2017,82
C0161,Dark Destiny,Fantasy,2016,70
C0162,Bitter Awakening,Action,2016,106
C0163,Dark Whisper,Sci-Fi,2018,88
C0164,Hidden Tide,Action,2018,118
C0165,Unspoken Tide,Romance,2017,104
C0166,Final Bloom,Thriller,2016,68
C0167,Solitary Promise,Action,2021,74
C0168,Silent Whisper,Adventure,2023,148
C0169,Fading Empire,Sci-Fi,2025,82
C0170,Broken Descent,Drama,2018,92
C0171,Broken Echo,Adventure,2023,93
C0172,Crimson Mirage,Documentary,2020,112
C0173,Vanishing Requiem,Crime,2021,110
C0174,Unspoken Night,Comedy,2017,156
C0175,Burning Mirage,Drama,2021,160
C0176,Broken Shadow,Romance,2019,112
C0177,Eternal Promise,Crime,2025,104
C0178,Reckless Empire,Comedy,2019,155
C0179,Final Hunter,Documentary,2022,88
C0180,Rising Empire,Adventure,2018,108
C0181,Quiet Destiny,Documentary,2016,139
C0182,Broken Bloom,Fantasy,2017,96
C0183,Dark Bloom,Action,2017,84
C0184,Final Journey,Sci-Fi,2021,127
C0185,Stolen Legacy,Thriller,2025,98
C0186,Sacred Legacy,Adventure,2021,110
C0187,Golden Verdict,Adventure,2022,120
C0188,Golden Truth,Documentary,2023,45
C0189,Rising Reckoning,Comedy,2020,111
C0190,Rising Passage,Adventure,2018,109
C0191,Burning Flame,Fantasy,2021,115
C0192,Endless Descent,Romance,2023,46
C0193,Secret Horizon,Comedy,2025,62
C0194,Wild Truth,Fantasy,2017,81
C0195,Radiant Bloom,Horror,2019,45
C0196,Rising Requiem,Action,2020,102
C0197,Reckless Verdict,Crime,2021,146
C0198,Sacred Awakening,Sci-Fi,2019,74
C0199,Stolen Tide,Comedy,2024,122
C0200,Fading Destiny,Crime,2024,103
C0201,Hidden Passage,Action,2020,145
C0202,Solitary Kingdom,Horror,2022,109
C0203,Distant Verdict,Sci-Fi,2015,139
C0204,Solitary Awakening,Adventure,2017,106
C0205,Restless Dream,Action,2018,77
C0206,Bitter Flame,Comedy,2019,122
C0207,Vanishing Dream,Comedy,2015,129
C0208,Golden Night,Fantasy,2021,86
C0209,Crimson Kingdom,Romance,2015,94
C0210,Radiant Passage,Action,2025,119
C0211,Radiant Signal,Action,2018,106
C0212,Fading Truth,Documentary,2025,71
C0213,Rising Kingdom,Drama,2024,123
C0214,Frozen Storm,Drama,2025,97
C0215,Crimson Requiem,Crime,2019,137
C0216,Last Whisper,Documentary,2018,98
C0217,Last Dream,Comedy,2025,149
C0218,Last Journey,Sci-Fi,2022,64
C0219,Lost Destiny,Horror,2024,61
C0220,Reckless Flame,Adventure,2023,126
C0221,Eternal Hunter,Adventure,2024,154
C0222,Lost Rebellion,Crime,2020,100
C0223,Fading Mirage,Documentary,2018,112
C0224,Bitter Escape,Thriller,2015,120
C0225,Restless Awakening,Comedy,2025,154
C0226,Endless Rebellion,Documentary,2016,53
C0227,Last Shadow,Fantasy,2017,104
C0228,Quiet Legacy,Fantasy,2025,145
C0229,Shattered Rebellion,Documentary,2016,95
C0230,Rising Verdict,Sci-Fi,2021,117
C0231,Eternal Dream,Thriller,2021,125
C0232,Forgotten Mirage,Fantasy,2021,62
C0233,Bitter Night,Sci-Fi,2018,84
C0234,Quiet Reckoning,Romance,2019,139
C0235,Dark Requiem,Documentary,2023,103
C0236,Forgotten Empire,Horror,2018,115
C0237,Eternal Destiny,Sci-Fi,2019,137
C0238,Unspoken Requiem,Fantasy,2016,101
C0239,Distant Signal,Fantasy,2016,60
C0240,Fading Whisper,Drama,2020,96
C0241,Distant Ashes,Sci-Fi,2020,143
C0242,Fading Escape,Adventure,2015,68
C0243,Eternal Shadow,Thriller,2022,118
C0244,Golden Flame,Drama,2020,100
C0245,Distant Escape,Thriller,2015,125
C0246,Silent Verdict,Crime,2023,154
C0247,Final Mirage,Comedy,2024,112
C0248,Bitter Echo,Romance,2022,138
C0249,Hidden Legacy,Thriller,2019,123
C0250,Frozen Destiny,Romance,2020,71
C0251,Broken Signal,Action,2017,56
C0252,Vanishing Flame,Romance,2017,109
C0253,Bitter Mirage,Comedy,2024,105
C0254,Radiant Rebellion,Sci-Fi,2025,98
C0255,Distant Tide,Romance,2018,126
C0256,Crimson Hunter,Crime,2023,133
C0257,Hidden Verdict,Crime,2018,68
C0258,Solitary Truth,Romance,2018,91
C0259,Rising Shadow,Thriller,2021,77
C0260,Sacred Ashes,Romance,2020,119
C0261,Silent Storm,Sci-Fi,2023,74
C0262,Dark Echo,Documentary,2017,149
C0263,Bitter Reckoning,Comedy,2020,124
C0264,Silent Promise,Adventure,2023,169
C0265,Dark Verdict,Romance,2016,126
C0266,Quiet Escape,Fantasy,2019,59
C0267,Crimson Passage,Drama,2025,149
C0268,Restless Reckoning,Drama,2024,71
C0269,Fading Verdict,Romance,2024,104
C0270,Hidden Flame,Documentary,2020,145
C0271,Dark Dream,Horror,2020,128
C0272,Sacred Reckoning,Romance,2021,139
C0273,Broken Kingdom,Adventure,2016,81
C0274,Stolen Escape,Drama,2024,82
C0275,Eternal Bloom,Sci-Fi,2024,135
C0276,Forgotten Escape,Crime,2017,150
C0277,Eternal Tide,Romance,2018,85
C0278,Stolen Reckoning,Comedy,2016,62
C0279,Broken Whisper,Horror,2025,99
C0280,Bitter Kingdom,Drama,2022,88
C0281,Rising Night,Comedy,2023,105
C0282,Shattered Escape,Crime,2016,85
C0283,Radiant Harbor,Romance,2017,90
C0284,Wild Flame,Horror,2017,131
C0285,Quiet Awakening,Thriller,2017,103
C0286,Forgotten Whisper,Horror,2019,66
C0287,Endless Destiny,Thriller,2015,140
C0288,Unspoken Whisper,Fantasy,2015,145
C0289,Hidden Kingdom,Crime,2023,88
C0290,Quiet Shadow,Documentary,2023,45
C0291,Burning Verdict,Sci-Fi,2017,96
C0292,Quiet Rebellion,Crime,2024,104
C0293,Radiant Mirage,Sci-Fi,2025,123
C0294,Burning Rebellion,Comedy,2025,157
C0295,Dark Ashes,Drama,2023,143
C0296,Silent Hunter,Sci-Fi,2017,100
C0297,Radiant Hunter,Comedy,2018,115
C0298,Silent Mirage,Action,2023,118
C0299,Quiet Echo,Sci-Fi,2017,112
C0300,Dark Signal,Action,2019,197
C0301,Reckless Rebellion,Horror,2019,87
C0302,Radiant Kingdom,Crime,2022,132
C0303,Unspoken Reckoning,Romance,2025,143
C0304,Shattered Harbor,Drama,2017,121
C0305,Final Truth,Action,2018,85
C0306,Frozen Promise,Horror,2016,118
C0307,Dark Storm,Sci-Fi,2023,139
C0308,Eternal Echo,Comedy,2020,65
C0309,Lost Kingdom,Sci-Fi,2023,96
C0310,Stolen Storm,Adventure,2017,111
C0311,Distant Truth,Action,2021,104
C0312,Forgotten Night,Adventure,2025,148
C0313,Reckless Truth,Documentary,2022,102
C0314,Solitary Bloom,Documentary,2023,57
C0315,Radiant Escape,Crime,2025,181
C0316,Restless Journey,Documentary,2022,163
C0317,Shattered Shadow,Comedy,2016,116
C0318,Restless Flame,Sci-Fi,2018,89
C0319,Dark Reckoning,Horror,2025,114
C0320,Frozen Bloom,Comedy,2023,61
C0321,Wild Hunter,Documentary,2022,88
C0322,Solitary Signal,Action,2017,79
C0323,Endless Kingdom,Horror,2020,90
C0324,Eternal Ashes,Fantasy,2024,117
C0325,Distant Harbor,Romance,2025,93
C0326,Golden Destiny,Action,2024,94
C0327,Sacred Harbor,Horror,2020,96
C0328,Forgotten Harbor,Crime,2017,116
C0329,Last Night,Romance,2022,114
C0330,Quiet Bloom,Adventure,2020,167
C0331,Wild Harbor,Drama,2022,140
C0332,Burning Bloom,Fantasy,2023,45
C0333,Final Rebellion,Sci-Fi,2016,79
C0334,Secret Legacy,Thriller,2025,94
C0335,Radiant Night,Documentary,2017,141
C0336,Crimson Ashes,Romance,2015,167
C0337,Hidden Destiny,Drama,2016,81
C0338,Hidden Escape,Drama,2023,111
C0339,Last Truth,Documentary,2022,103
C0340,Solitary Verdict,Romance,2019,137
C0341,Radiant Dream,Drama,2016,85
C0342,Reckless Mirage,Romance,2016,154
C0343,Stolen Verdict,Thriller,2018,130
C0344,Stolen Hunter,Fantasy,2015,119
C0345,Forgotten Truth,Crime,2017,86
C0346,Quiet Mirage,Sci-Fi,2018,93
C0347,Secret Mirage,Documentary,2021,161
C0348,Unspoken Verdict,Sci-Fi,2021,112
C0349,Eternal Harbor,Horror,2022,91
C0350,Lost Descent,Crime,2019,105
C0351,Wild Promise,Adventure,2017,82
C0352,Reckless Ashes,Crime,2017,100
C0353,Quiet Passage,Drama,2023,71
C0354,Forgotten Signal,Drama,2021,118
C0355,Shattered Legacy,Adventure,2020,76
C0356,Vanishing Storm,Sci-Fi,2015,112
C0357,Golden Journey,Action,2025,130
C0358,Reckless Legacy,Adventure,2025,62
C0359,Solitary Horizon,Romance,2017,60
C0360,Crimson Flame,Thriller,2019,100
C0361,Hidden Harbor,Thriller,2015,100
C0362,Shattered Flame,Sci-Fi,2025,96
C0363,Final Empire,Comedy,2018,100
C0364,Restless Passage,Documentary,2023,52
C0365,Distant Whisper,Adventure,2020,111
C0366,Shattered Reckoning,Documentary,2025,50
C0367,Unspoken Flame,Documentary,2017,115
C0368,Vanishing Descent,Crime,2025,137
C0369,Endless Tide,Documentary,2022,46
C0370,Distant Echo,Documentary,2017,129
C0371,Burning Escape,Comedy,2018,135
C0372,Broken Dream,Romance,2025,103
C0373,Broken Flame,Adventure,2017,76
C0374,Secret Requiem,Drama,2021,112
C0375,Quiet Hunter,Romance,2019,154
C0376,Distant Journey,Romance,2018,110
C0377,Secret Passage,Action,2024,70
C0378,Hidden Awakening,Sci-Fi,2023,76
C0379,Dark Harbor,Adventure,2018,90
C0380,Distant Hunter,Fantasy,2018,130
C0381,Final Kingdom,Adventure,2021,104
C0382,Rising Ashes,Sci-Fi,2016,68
C0383,Burning Signal,Thriller,2019,152
C0384,Shattered Tide,Horror,2024,114
C0385,Vanishing Bloom,Horror,2024,98
C0386,Stolen Night,Fantasy,2017,93
C0387,Fading Night,Comedy,2021,78
C0388,Forgotten Rebellion,Horror,2018,164
C0389,Quiet Descent,Crime,2017,131
C0390,Distant Dream,Action,2022,113
C0391,Secret Whisper,Action,2022,78
C0392,Broken Requiem,Action,2023,126
C0393,Stolen Dream,Fantasy,2020,75
C0394,Sacred Echo,Sci-Fi,2015,92
C0395,Final Echo,Sci-Fi,2019,96
C0396,Rising Legacy,Horror,2025,142
C0397,Solitary Whisper,Action,2015,128
C0398,Broken Escape,Action,2015,114
C0399,Endless Legacy,Comedy,2024,86
C0400,Lost Promise,Crime,2015,45
C0401,Stolen Ashes,Adventure,2021,91
C0402,Final Whisper,Action,2016,66
C0403,Eternal Kingdom,Thriller,2023,52
C0404,Wild Ashes,Thriller,2020,74
C0405,Forgotten Tide,Sci-Fi,2023,135
C0406,Solitary Flame,Romance,2017,97
C0407,Crimson Reckoning,Action,2023,69
C0408,Restless Echo,Thriller,2019,75
C0409,Bitter Verdict,Horror,2021,71
C0410,Silent Escape,Sci-Fi,2022,45
C0411,Forgotten Hunter,Romance,2015,87
C0412,Eternal Awakening,Documentary,2015,170
C0413,Sacred Signal,Sci-Fi,2018,56
C0414,Secret Empire,Crime,2020,79
C0415,Last Tide,Crime,2025,101
C0416,Last Hunter,Documentary,2024,90
C0417,Frozen Kingdom,Comedy,2016,87
C0418,Quiet Kingdom,Action,2018,107
C0419,Solitary Destiny,Thriller,2019,102
C0420,Hidden Descent,Romance,2015,160
C0421,Sacred Flame,Documentary,2022,53
C0422,Forgotten Descent,Romance,2017,124
C0423,Final Requiem,Crime,2023,110
C0424,Burning Whisper,Comedy,2021,101
C0425,Vanishing Legacy,Crime,2018,85
C0426,Shattered Journey,Sci-Fi,2023,126
C0427,Shattered Whisper,Adventure,2021,112
C0428,Frozen Reckoning,Crime,2023,107
C0429,Silent Truth,Adventure,2025,96
C0430,Golden Kingdom,Adventure,2021,117
C0431,Lost Horizon,Sci-Fi,2025,107
C0432,Solitary Tide,Sci-Fi,2024,128
C0433,Distant Awakening,Sci-Fi,2025,129
C0434,Dark Tide,Thriller,2025,114
C0435,Distant Flame,Drama,2015,127
C0436,Shattered Truth,Crime,2020,86
C0437,Fading Awakening,Fantasy,2020,69
C0438,Distant Storm,Sci-Fi,2018,45
C0439,Final Reckoning,Documentary,2020,149
C0440,Reckless Harbor,Thriller,2018,98
C0441,Golden Requiem,Horror,2017,96
C0442,Fading Passage,Action,2022,118
C0443,Fading Ashes,Romance,2018,167
C0444,Rising Awakening,Thriller,2018,80
C0445,Crimson Tide,Comedy,2017,113
C0446,Distant Shadow,Crime,2015,73
C0447,Sacred Promise,Adventure,2017,120
C0448,Burning Kingdom,Fantasy,2025,55
C0449,Secret Harbor,Romance,2022,66
C0450,Unspoken Descent,Action,2016,121
C0451,Broken Promise,Crime,2016,138
C0452,Frozen Awakening,Drama,2025,104
C0453,Eternal Flame,Adventure,2016,50
C0454,Endless Whisper,Fantasy,2015,92
C0455,Golden Tide,Adventure,2019,111
C0456,Hidden Shadow,Documentary,2018,122
C0457,Fading Horizon,Comedy,2017,114
C0458,Sacred Destiny,Documentary,2025,107
C0459,Golden Storm,Adventure,2018,124
C0460,Vanishing Night,Crime,2024,113
C0461,Frozen Mirage,Sci-Fi,2023,133
C0462,Endless Verdict,Drama,2025,55
C0463,Unspoken Escape,Romance,2023,58
C0464,Distant Legacy,Sci-Fi,2015,101
C0465,Reckless Hunter,Crime,2021,78
C0466,Distant Destiny,Crime,2018,121
C0467,Bitter Journey,Thriller,2019,115
C0468,Fading Harbor,Fantasy,2019,111
C0469,Bitter Destiny,Fantasy,2024,133
C0470,Reckless Kingdom,Crime,2020,85
C0471,Dark Kingdom,Romance,2020,115
C0472,Shattered Destiny,Horror,2021,122
C0473,Last Promise,Adventure,2017,180
C0474,Reckless Reckoning,Action,2025,86
C0475,Eternal Whisper,Adventure,2020,135
C0476,Unspoken Mirage,Documentary,2021,107
C0477,Vanishing Kingdom,Adventure,2016,121
C0478,Endless Escape,Comedy,2015,81
C0479,Dark Night,Drama,2015,113
C0480,Radiant Descent,Drama,2022,84
C0481,Shattered Ashes,Comedy,2024,128
C0482,Shattered Signal,Sci-Fi,2021,130
C0483,Vanishing Tide,Action,2016,81
C0484,Distant Kingdom,Comedy,2020,128
C0485,Last Awakening,Fantasy,2016,58
C0486,Shattered Verdict,Documentary,2018,84
C0487,Radiant Echo,Crime,2019,73
C0488,Bitter Harbor,Fantasy,2017,124
C0489,Bitter Shadow,Horror,2015,98
C0490,Broken Journey,Horror,2022,54
C0491,Shattered Horizon,Fantasy,2023,110
C0492,Frozen Rebellion,Fantasy,2018,170
C0493,Bitter Signal,Action,2018,82
C0494,Quiet Journey,Action,2017,115
C0495,Solitary Requiem,Thriller,2017,110
C0496,Bitter Ashes,Comedy,2018,93
C0497,Hidden Whisper,Drama,2019,128
C0498,Frozen Truth,Documentary,2020,96
C0499,Crimson Legacy,Documentary,2015,96
C0500,Vanishing Verdict,Action,2025,148
